#geek Apple : un iPhone 6 de 5 pouces et un prochain iPad de 13 pouces 4K: Et si les grands projets promis rÃ©c... http://t.co/tlMnzIoSVC,1
RT @valek_b: Voici comment Android et Apple voient la nouvelle annÃ©e ! http://t.co/Oz2aRjp3nC,1
Apple : un iPhone 6 de 5 pouces et un prochain iPad de 13 pouces 4K: Et si les grands projets promis rÃ©cemment... http://t.co/sUyHi42c5y,1
"Photo: The brands are Facebook, Crocs, McDonalds, vW, Apple, and Nike. The plants are weed, cocaine,... http://t.co/POGTka7qqs",1
Apple MacBook Air MD711LL/A 11.6-Inch Laptop (NEWEST VERSION) http://t.co/tcFX0Ynzgm,1
Apple hires lead 'New York Times Magazine' designer forÂ marketing http://t.co/LWezDdYNlE,1
1å††ï½Apple TV Wifi MD199J/A ä¸­å¤å“ http://t.co/vOI9hccNOP,1
does anyone know a quick easy way to back up pictures and can easily put them back onto an apple device?? ((BESIDES DROPBOX BC SLOW)),1
1å††ï½Apple TV Wifi MD199J/A ä¸­å¤å“ http://t.co/HFJ9feGJ4L,1
1å††ï½Apple TV Wifi MD199J/A ä¸­å¤å“ http://t.co/OHtRyLSmia,1
1å††ï½Apple TV Wifi MD199J/A ä¸­å¤å“ http://t.co/q7cqFGQxS2,1
@Kira_brown_ me either i even went to Apple and they dont have shit like if you make a phone you should have cases,1
Could subliminal self effect straight a in bulk extroverted apple ipad to some degree parce que screening you?: fuI,1
This is pretty neat: http://t.co/WW5Gv8Gx9X Learn #German spelling on your #mac #apple #backtoschool #education,1
What will apple do as the years go by. Having an iphone546 is just weird.,1
Scroll twitter n ig je papp battery kejap je enn ğŸ‘ apple,1
"I'd rather get hepatitis than an avicii song, thanks anyway apple.",1
RT @petertwynn: Why Apple really pulled #coinbase from the App Store-- http://t.co/asv1rvXdjv,1
1å††ï½Apple TV Wifi MD199J/A ä¸­å¤å“ http://t.co/XfltOHLB3I,1
1å††ï½Apple TV Wifi MD199J/A ä¸­å¤å“ http://t.co/chZ9SA0mA6,1
1å††ï½Apple TV Wifi MD199J/A ä¸­å¤å“ http://t.co/GnTC5XPm8O,1
1å††ï½Apple TV Wifi MD199J/A ä¸­å¤å“ http://t.co/t8ytP3AQ9b,1
1å††ï½Apple TV Wifi MD199J/A ä¸­å¤å“ http://t.co/9B2yhEKL7J,1
1å††ï½Apple TV Wifi MD199J/A ä¸­å¤å“ http://t.co/m0WITIcd8L,1
1å††ï½Apple TV Wifi MD199J/A ä¸­å¤å“ http://t.co/RNzzIgrwBI,1
1å††ï½Apple TV Wifi MD199J/A ä¸­å¤å“ http://t.co/SiObIBOf6k,1
1å††ï½Apple TV Wifi MD199J/A ä¸­å¤å“ http://t.co/SDTJhqZfow,1
1å††ï½Apple TV Wifi MD199J/A ä¸­å¤å“ http://t.co/t6oO1eeYJ6,1
1å††ï½Apple TV Wifi MD199J/A ä¸­å¤å“ http://t.co/0HxOozNQYb,1
1å††ï½Apple TV Wifi MD199J/A ä¸­å¤å“ http://t.co/LMXdxSh0YT,1
1å††ï½Apple TV Wifi MD199J/A ä¸­å¤å“ http://t.co/YJLNwMkj4T,1
1å††ï½Apple TV Wifi MD199J/A ä¸­å¤å“ http://t.co/eApB1n9MUj,1
1å††ï½Apple TV Wifi MD199J/A ä¸­å¤å“ http://t.co/j91CIZAtGb,1
1å††ï½Apple TV Wifi MD199J/A ä¸­å¤å“ http://t.co/SDIRsSYDOh,1
1å††ï½Apple TV Wifi MD199J/A ä¸­å¤å“ http://t.co/pArdQqSO4Y,1
1å††ï½Apple TV Wifi MD199J/A ä¸­å¤å“ http://t.co/6EWcB1OGt4,1
1å††ï½Apple TV Wifi MD199J/A ä¸­å¤å“ http://t.co/W71sotYlWd,1
1å††ï½Apple TV Wifi MD199J/A ä¸­å¤å“ http://t.co/o7q577CxKX,1
1å††ï½Apple TV Wifi MD199J/A ä¸­å¤å“ http://t.co/KG5HpswYmd,1
1å††ï½Apple TV Wifi MD199J/A ä¸­å¤å“ http://t.co/tBfaxKyVky,1
1å††ï½Apple TV Wifi MD199J/A ä¸­å¤å“ http://t.co/4PtOXDrw5K,1
1å††ï½Apple TV Wifi MD199J/A ä¸­å¤å“ http://t.co/HH7nBXk5ae,1
1å††ï½Apple TV Wifi MD199J/A ä¸­å¤å“ http://t.co/DLYMXIVqnp,1
1å††ï½Apple TV Wifi MD199J/A ä¸­å¤å“ http://t.co/pHflXSDkKn,1
1å††ï½Apple TV Wifi MD199J/A ä¸­å¤å“ http://t.co/YAkEQxZCf6,1
"Appleâ€™s new â€˜overpricedâ€™ $10,000 Mac Pro is $2,000 cheaper than the equivalent Windows PC http://t.co/cj8Qy4ohQb",1
"Google to battle Apple, Microsoft http://t.co/XLvj8Ij09X via @USATODAY",1
Is there a word for trying to use Mac keyboard shortcuts on a Windows machine? Apple-plexia maybe?,1
RT @MensHumor: Why are iPhone chargers not called Apple Juice?,1
.@Cameron_Gray â€œDo you think Apple helped them with that?â€ he asked. â€œI hope Apple will clarify that.â€ @theblaze,1
This apple Mac is peng to use ğŸ˜,1
RT @ballaballaco: The NSA Reportedly Has Total Access To The Apple iPhone http://t.co/5oBX26nKBy - Balla Networks,1
"The interview &amp; article I did with fine artist, @annrea is out on the Apple Newsstand. Go grab yourself a copy! http://t.co/kSgxxWnWSN",1
I'm not paying $80 to buy a new Mac battery. Sorry Appleâœ‹ğŸ™…,1
RT @valek_b: Voici comment Android et Apple voient la nouvelle annÃ©e ! http://t.co/Oz2aRjp3nC,1
RT @DavieDhouse: Why are iphone chargers not called apple juice?! #iphone,1
RT @applenws: No One Giving An iPhone For Christmas Has Ever Been More Awesome Than This Guy [Humor] http://t.co/grPMzqzWpb #apple,1
APPLE $50 US iTUNES GIFT CARD CERTIFICATE VOUCHER - 100% FREE WORLDWIDE SHIPPING http://t.co/jTUOqVGVv3 #itunes,1
http://t.co/9YSpKpKaQv | ĞšÑƒĞ¿Ğ¸Ñ‚ÑŒ Ğ² #ĞºÑ€ĞµĞ´Ğ¸Ñ‚ apple iphone 5 16gb,1
ĞÑƒ Ğ²Ğ¾Ñ‚! (@ Apple Store w/ @prophi) http://t.co/qThzxLB5n7,1
"ãƒ‡ã‚¶ã‚¤ãƒ³ ã‚±ãƒ¼ã‚¹ iphone5 iPhone5sã€€5cã€€iPhone4 4Säººæ°—ãƒ–ãƒ©ãƒ³ãƒ‰ ãƒ‘ãƒ­ãƒ‡ã‚£ ãƒã‚¤ãƒ« ã‚±ãƒ¼ã‚¹ iphone ã‚«ãƒãƒ¼ ã‚±ãƒ¼ã‚¹ ã‚½ãƒ•ãƒˆ apple ã‚¢ãƒƒãƒ—ãƒ«... 1,480 å†† ã€Just Oneã€‘ http://t.co/wLfroMSC7e #mmppC",1
1å††ï½Apple TV Wifi MD199J/A ä¸­å¤å“ http://t.co/x8FXtEMsU8,1
1å††ï½Apple TV Wifi MD199J/A ä¸­å¤å“ http://t.co/aj4POKN2Ok,1
can apple fucking make a waterproof iphone please,1
"Apple, Samsung Reportedly Resume Patent Talks http://t.co/cSS6KWompu via @DashBurst",1
1å††ï½Apple TV Wifi MD199J/A ä¸­å¤å“ http://t.co/Gb9J5SmEgS,1
1å††ï½Apple TV Wifi MD199J/A ä¸­å¤å“ http://t.co/YuP99Wzt96,1
1å††ï½Apple TV Wifi MD199J/A ä¸­å¤å“ http://t.co/mHwlt8foBC,1
"Apple iPad 2 16GB, Wi-Fi + 3G (Verizon), 9.7in - White (MC985LL/A): Price 222.5 USD (48 Bids) End Time:... http://t.co/Ii1cqHyhJI",1
1å††ï½Apple TV Wifi MD199J/A ä¸­å¤å“ http://t.co/Sw1yICcHBV,1
"RT @Funinventions: Worldâ€™s Most Expensive Apple MacBook. $7,999. http://t.co/cm0QArNbOY",1
"Apple iPad 2 16GB, Wi-Fi, 9.7in - Black (MC769LL/A): Price 100.0 USD (1 Bids) End Time: 2013-12-31 18:48:24 PDT http://t.co/oZsTqe9VWc",1
"Apple iPad 1st Generation 16GB, Wi-Fi, 9.7in - Black (MB292LL/A): Price 29.0 USD (10 Bids) End Time: 2013-12-31... http://t.co/wX7dCO38Cm",1
"Apple iPad 2 32GB, Wi-Fi, 9.7in - Black (MC770LL/A): Price 152.5 USD (5 Bids) End Time: 2013-12-31 17:37:29 PDT http://t.co/BODiZ0Stat",1
"Apple iPad 2 64GB, Wi-Fi + 3G (Verizon), 9.7in - White Retina display: Price 300.0 USD (23 Bids) End Time:... http://t.co/i7LabbFpAa",1
RT @valek_b: Voici comment Android et Apple voient la nouvelle annÃ©e ! http://t.co/Oz2aRjp3nC,1
"Apple iPad 3rd Generation 64GB, Wi-Fi, 9.7in - White: Price 330.0 USD (1 Bids) End Time: 2013-12-31 11:28:16 PDT http://t.co/udySGIIvh8",1
can apple call their next phone the IPhone5sos @5SOS,1
"Apple iPad 3rd Generation 64GB, Wi-Fi + Cellular (Verizon), 9.7in - White: Price 305.0 USD (4 Bids) End Time:... http://t.co/dmw1nLOPyN",1
Appleâ€™s New Mac Pro In Pictures: Beauty And The Beast - http://t.co/Y1rHQkFskj #tech #news #gadgets http://t.co/67tV817QEe,1
RT @i4unews: The NSA Reportedly Has Total Access To The Apple iPhone http://t.co/cJPMxGstJS - I4U News: Daily News and Trends for the Geek â€¦,1
"ã“ã®æœ¬ã£ã¦ã€ã„ã‚ã„ã‚ãªã¨ã“ã§è¦‹ã‹ã‘ã‚‹ã‚ˆã­ï¼Ÿâ˜†ã€€Jony Ive: The Genius Behind Apple's Greatest Products
ï½¡ .ï½¡. ã€‚ï½¡(ãƒ»âˆ€ãƒ»)(ãƒ»âˆ€ãƒ»)(*&gt;âˆ€&lt;*)ã€€
http://t.co/bBwtJSWaw2",1
Apple Store - Save up to 31% on refurbished items + free shipping offer http://t.co/wFbTAh9SaI,1
I'm giving away: Apple Magic Mouse. Check it out - http://t.co/udJG7z2weo,1
Why r iPhone chargers not called apple juice,1
This is pretty neat: http://t.co/jSxK2TkyjK Learn #Russian spelling on your #mac #apple #backtoschool #education,1
Do you need to capture your #work time? #Timesheet for #iOS is cool and works easy. http://t.co/WhxTBcNJTt #apple #timecard #freelance #time,1
I opened the Apple Maps app and this happened omg I love it http://t.co/0fCnzzA0uD,1
Apple iPhone 5c - 16GB - Blue (Sprint) - Great Condition http://t.co/W3hV0VBtgd #android,1
RT @Taylorallen55: @iA724 only need 19 more followers and he's giving away a $100 #iTunes gift card! #Apple #Giveaway #Tech #Follow,1
"Early Movers: Apple Inc, Tiger Oil and Energy ... - TD Waterhouse http://t.co/Lga1W7bNZ9",1
RT @WIRED: Look inside Appleâ€™s spaceship headquarters with these 24 renderings http://t.co/PTLj6kLCVh #WIREDTop13 http://t.co/joFKtVOqHn,1
Apple's App Store Usage Numbers Peg iOS 7 Adoption at 78% [iOS Blog] http://t.co/KkSaksL8EB,1
"â€œThe Products Apple Doesnâ€™t Have Time to Improveâ€
http://t.co/aDQJG0nTuZ
Aperture isnâ€™t as buggy &amp; slow, yet an major update overdue",1
#retweet Learn #Spanish on your #macbook. With more than 4000 words http://t.co/lXl8XcQJ0E #apple #education #learning #osx #edtech,1
You really need to quit smoking. It's so bad for you. This iPhone #app can help you. http://t.co/zsfRCB4yBO #health #apple #ios #retweet #rt,1
RT @valek_b: Voici comment Android et Apple voient la nouvelle annÃ©e ! http://t.co/Oz2aRjp3nC,1
"Apple's 12 Days of Gifts - Toca House is in the house!
http://t.co/m4F7QMtTBF",1
Listening to Appleã‚‹ã‚“ã‚‹ã‚“ (Appleã‚‹ã‚“ã‚‹ã‚“_20131231) http://t.co/b4XPEVpOSs,1
"Apple Store Avance exclusivo de SÃ¡bado Gigante,  David Mamet Creating . Watch Hot Girls at http://t.co/dDIUCdkfPe",1
Doublet debauched apple iphone 4s: IAqZs http://t.co/tsCAUeWzqO,1
"if apple reset the reviews only on major version bumps, would we see less 'PLZ REVIEW ME I NEED STARZ' dialogs?",1
"Endive Appetizer Apple Inc. (AAPL) Store Designer Hired By Samsung,  K. Watch Hot Girls at http://t.co/U118jSbct2",1
"Google Chromebook business sales jump as Apple, Microsoft struggle - Los Angeles Times  http://t.co/7wA8KzJxwY",1
GEEK NEWS Apple's App Store Usage Numbers Peg iOS 7 Adoption at 78% [iOS Blog] http://t.co/A09alG38vU #Geekanoids,1
RT @abc_tecnologia: El coche conectado: la nueva guerra de #Apple y #Android http://t.co/ChrAR3KCK2,1
Apple's App Store Usage Numbers Peg iOS 7 Adoption at 78% [iOS Blog] http://t.co/X2yEJU8nan,1
Apple's App Store Usage Numbers Peg iOS 7 Adoption at 78% [iOS Blog]: After three-and-a-half months on the mar... http://t.co/fqd1SMHpFI,1
"@brit_davis So there's a firetruck, but no butterfly? Apple is retarded.",1
Apple's App Store Usage Numbers Peg iOS 7 Adoption at 78% [iOS Blog] http://t.co/yJiCpkgy2l #apple #kazoku,1
"Archos announces iOS-compatible smart watches, health trackers &amp; connected home devices #Apple  http://t.co/E6mZZZQrEv",1
Apple's App Store Usage Numbers Peg iOS 7 Adoption at 78% [iOS Blog]: After three-and-a-half months on the mar... http://t.co/AG2rz7RyrS,1
I will forever be an apple user. #teamiphone #teamMacbook ğŸ,1
Fitbit App Update Adds 'MobileTrack' With M7 Coprocessor Support [iOS Blog] http://t.co/9qpPbQd9Yd #Apple #MacRumors,1
Apple's App Store Usage Numbers Peg iOS 7 Adoption at 78% [iOS Blog] http://t.co/2bZO1Wk8b8 #Apple #MacRumors,1
"RT @Malarkey: â€˜NSA has nearly complete backdoor access to Apple's iPhoneâ€™ â€” Oh heck.

http://t.co/xNT2hUYLvo",1
Best gift so far. I'm #hype! Thx #apple. #12DaysofGifts http://t.co/kU0LZH5wdZ,1
Apple's App Store Usage Numbers Peg iOS 7 Adoption at 78% [iOS Blog] http://t.co/iuhAnzj1SV,1
Apple's App Store Usage Numbers Peg iOS 7 Adoption at 78% [iOS Blog]: After three-and-a-half months on... http://t.co/QNx4LrptRF #iphone,1
â€œ@Vitaleee: why isn't the iPhone battery called apple juice?â€,1
Apple's App Store Usage Numbers Peg iOS 7 Adoption at 78% [iOS Blog]: After three-and-a-half months on the mar... http://t.co/cUrIEYR1Ex,1
Apple's App Store Usage Numbers Peg iOS 7 Adoption at 78% [iOS Blog]: After three-and-a-half months on ... http://t.co/zEdvw456FV #apple,1
Apple's App Store Usage Numbers Peg iOS 7 Adoption at 78% [iOS Blog] http://t.co/6Kdoy0DNbi #apple,1
Apple's App Store Usage Numbers Peg iOS 7 Adoption at 78% [iOS Blog] http://t.co/LCJfFaUaEe,1
The HTC One didn't work for me. Headed out to Verizon for the iPhone 5s. Apple &gt;&gt;&gt;,1
#apple #edu Saga of finding a superintendent - Odessa American http://t.co/bMS5hhPUr8,1
#apple #edu Why Chromebooks Are Beating MacBooks - Mashable - Auto World NewsWhy Chromebooks Are Beating MacBooksM... http://t.co/Nc9QdaK22y,1
#macRumors Apple's App Store Usage Numbers Peg iOS 7 Adoption at 78% [iOS Blog]: After three-and-a-half months... http://t.co/Zoc2mqtglf,1
#macRumors Apple's App Store Usage Numbers Peg iOS 7 Adoption at 78% [iOS Blog]: After three-and-a-half months... http://t.co/ppZIoVqcol,1
Apple's App Store Usage Numbers Peg iOS 7 Adoption at 78% [iOS Blog]: After three-and-a-half months on the mar... http://t.co/9Asl1Jy4IR,1
RT @graceemillaar: Wtf the Apple Store doesnâ€™t even sell fruit,1
@Marv2punkt0 Apple macht Deine WÃ¼nsche wahr. http://t.co/kiBmk0T8pR,1
#phone Apple's App Store Usage Numbers Peg iOS 7 Adoption at 78% [iOS Blog]: After three-and-a-half months on ... http://t.co/u7bZtrZI8p,1
u dont know the struggle unless u have an apple charger,1
Apple ipad minny wireless communication pentathlon reportedly scheduled since august 23: cwuAF,1
#phone Apple's App Store Usage Numbers Peg iOS 7 Adoption at 78% [iOS Blog]: After three-and-a-half months on ... http://t.co/HLwf3pVvqS,1
Today's free gift from apple: Scorsese's Hugo in HD. Score!,1
That's why you don't steal apple products.,1
The apple store is the most stressful place on earth.,1
Apple's App Store Usage Numbers Peg iOS 7 Adoption at 78% [iOS Blog] http://t.co/qwWpj4wvgi,1
Apple's App Store Usage Numbers Peg iOS 7 Adoption at 78% [iOS Blog]: After three-and-a-half months on the mar... http://t.co/ySj4wRvQ1J,1
Apple's App Store Usage Numbers Peg iOS 7 Adoption at 78% [iOS Blog]: After three-and-a-ha... http://t.co/Jy2YO7K1M5 #Macrumors #TechNew,1
Apple's App Store Usage Numbers Peg iOS 7 Adoption at 78% [iOS Blog]: After three-and-a-half months on the mar... http://t.co/UZ0tJ7Jw51,1
Apple's App Store Usage Numbers Peg iOS 7 Adoption at 78% [iOS Blog]: After three-and-a-half months on the mar... http://t.co/4sOzs9YqGV,1
Apple's App Store Usage Numbers Peg iOS 7 Adoption at 78% [iOS Blog]: After three-and-a-half months on the mar... http://t.co/HmgFUc0yym,1
@alicedoherty originally there wasn't a pizza emoji so maybe apple will see the error of their ways and update w slimeball,1
Apple's App Store Usage Numbers Peg iOS 7 Adoption at 78% [iOS Blog]: After three-and-a-half months on the mar... http://t.co/wGg0QQ8Bz9,1
Apple's App Store Usage Numbers Peg iOS 7 Adoption at 78% [iOS Blog]: After three-and-a-half months on the mar... http://t.co/LVP8Zcc6OS,1
Asked the man in the Apple Store what is the next phone update in testing &amp; he says it's the 7.0.1 update.,1
Apple's App Store Usage Numbers Peg iOS 7 Adoption at 78% [iOS Blog] http://t.co/8xHzC3gboS,1
Logo de big Apple as pitanga cai matando,1
Apple's App Store Usage Numbers Peg iOS 7 Adoption at 78% [iOS Blog]: After three-and-a-half months on the mar... http://t.co/UwHc7UqCqA,1
Apple's App Store Usage Numbers Peg iOS 7 Adoption at 78% [iOS Blog]: After three-and-a-half months on the mar... http://t.co/4bHUF7Ds1B,1
Apple's App Store Usage Numbers Peg iOS 7 Adoption at 78% [iOS Blog] http://t.co/xwMvuUtJNp,1
Apple's App Store Usage Numbers Peg iOS 7 Adoption at 78% [iOS Blog] http://t.co/s1DIKyCADc,1
RT @taraagomes: Apple makes shit chargersğŸ”Œ,1
Restless Soul... When it comes to them I guess so. As long as it says apple certified that'... http://t.co/83Few4dMXD,1
product rant observations - Apple iPad mini retina less distance in the horizontal for thumbs to travel mean (cont) http://t.co/U3nDnKUHLM,1
Apple's App Store Usage Numbers Peg iOS 7 Adoption at 78% [iOS Blog]: After three-and-a-half months on the mar... http://t.co/lK5Iq6g859,1
Having a conversation with the Apple Tech guy about jealous boyfriends stealing Apple ID's. #omg #imdying,1
Apple's App Store Usage Numbers Peg iOS 7 Adoption at 78% [iOS Blog] http://t.co/iru63WA2F4,1
Apple's App Store Usage Numbers Peg iOS 7 Adoption at 78% [iOS Blog]: After three-and-a-half months on the mar... http://t.co/YdXkdTmsHw,1
"iTunes fÃ¼r Linux auf Ubuntu installieren http://t.co/jKGq6d41Ci
 #Apple #iTunes #Linux #Ubuntu",1
Apple's App Store Usage Numbers Peg iOS 7 Adoption at 78% [iOS Blog] http://t.co/9WbWAA058M #apple #macapp,1
Apple's App Store Usage Numbers Peg iOS 7 Adoption at 78% [iOS Blog] http://t.co/IyBZy3Vpvu,1
RT @BGR: Apple and Samsung reportedly resume talks to end painful patent war http://t.co/487eJO2VcS by @zacharye,1
@johnbacchiocchi @thurrott If Apple is 12.5% of the WW market then the number is so low because WW sales are mainly for cheaper devices.,1
Google continue to do battle w/Apple by putting Android-powered in-car entertainment to go up against iOS in The Car. http://t.co/GHbprEzPga,1
"iTunes Hong Kong:iOS App:new applications:Dragon Wizard - GameZen, Inc. #iTunes #Apple #é¦™æ¸¯ #HongKong http://t.co/X70g7gNRkB #followme",1
"New Horizons News: What will 2014 bring for Microsoft? - With Google and Apple in the picture, Microsoft is lookin... http://t.co/hn6EoCCzew",1
@hooperbeballin go to the apple store,1
APPLE $50 US iTUNES GIFT CARD CERTIFICATE VOUCHER - 100% FREE WORLDWIDE SHIPPING http://t.co/0Nk07nAy0f #itunes,1
Yahoo Ends 2013 With No Apps In Appleâ€™s Top 100 http://t.co/8QNWb6PW8R,1
Apple Storeç¦è¢‹ã‚ã‚“ã¡ã‚ƒã‚“,1
"RT @TomczykClayton: ""IPhone Chargers should be called Apple Juice""",1
ã€â˜†Apple iPad Air Wi-Fi 16GB ã‚·ãƒ«ãƒãƒ¼ï¼ˆãƒ›ãƒ¯ã‚¤ãƒˆï¼‰â˜†ã€ http://t.co/aRAgbHNKtZ,1
"chose to partner with ATT because it benefitted them, not because the majority of Apple customers voiced a preference for AT",1
Logo de big Apple as piranha cai matando,1
[Apple News] Fitbit App Update Adds 'MobileTrack' With M7 Coprocessor Support http://t.co/IPANYxoC9N,1
[Apple News] Apple's App Store Usage Numbers Peg iOS 7 Adoption at 78% http://t.co/g6evRliv5i,1
Golf tomorrow then apple store â›³ï¸ğŸ“²,1
@seliinnaaa @k8_philli sure. Josh wants to go to apple bees,2
omg they're soooo good ! RT @astoldbygziii: Popeyes fried apple pies &gt; ğŸ’•ğŸ’•ğŸ’•,2
"MapleBrined, AnchoScallion Boneless Turkey Breast w Apple Butter Pecan Stuffin",2
@flouronmyface2 Thanks for the shout out about my Mom's apple pie recipe! Xo,2
Since my mom doesn't drink (and neither do I) we celebrated her bday by drinking sparkling apple cider and smoking water vapor pens ğŸ˜‚ğŸ‘­,2
shit barbbrills this apple pie is going to be dangerous sogood misfitthanksgivin,2
Carmel Apple cider #fave#Starbucks,2
RT @Eyes_too_Low: If I say I hate apple juice my mentions will get blown up talkin about how that's the greatest shit of all time. Ya'll niâ€¦,2
White lasagna &amp; apple pie ğŸ˜‹,2
"RT @BethanyMota: Here it is! New Years Eve Makeup &amp; Outfit Ideas!!! ğŸ†ğŸ‰ğŸˆğŸ» (btw those are cups of apple cider hehehe)
https://t.co/9BbPr1kt2T",2
RT @_PapiChulo5_: I be up so high tryin get a piece of at apple pie,2
I'm at Green apple w/ 3 others http://t.co/JzHLffrLD4,2
"RT @SFXDaveB: A pint of cider is the same as eating an apple, right? #fruitportion",2
"I want some fried chicken , mac &amp; cheese , collard greens , sweet potatoes , cornbread &amp; Apple Pie",2
RT @SpazzTrillZ: McDonald's Apple pies The Best I be makin love to them shits ctfu,2
@Mish2626 @Mary_OGrady There will be a basket of food and liberal bribes at your doorstep courtesy of @Kathleen_Wynne .Don't eat the apple.,2
"Tea, airborne, soup, couch drops, mucinex, NyQuil, Apple cider vinegar... A few of the things floating through my system #goawaysickness",2
"RT @JoyceMeyer: You are the apple of God's eye, special, anointed, called, redeemed, justified, bought with the blood, made right with God.",2
E-mds partners thanks to apple gulch orthopedic semi-private room headed for discharge precursory practicabilit...,2
RT @BlankoMhmud: A : apple .. B : Book .. C : CC katel. *Ø§Ø®ÙˆØ§Ù†Ù‰ Ø¨ÙŠØ¹Ù„Ù… Ø§Ø¨Ù†Ù‡*.,2
Never underestimate the tastiness of apple juice.,2
"@EmanuelPoulos @EdmondsDaniel #ThirstyThursday eh? Better be apple juice, boys.",2
RT @GUBLERNATION: i'm either eating a really good pear right now or a really gross apple.,2
Pull my man card if you must but dammit I like redds apple ale #tasty,2
cause you the apple to my pie and you the one i wanna marry.,2
RT @Foreverfit4u: Hot tea (very hot) feels good going down my sore throat! Drank up all my homemade veggie apple lime juicer drink #healthyâ€¦,2
543: remember when we smoked out of an apple ğŸ˜‚ğŸ˜‚ haha you're cool af and a cutie we needa chill soon ğŸ˜œğŸ˜˜,2
Cause you're the apple to my pie,2
The saddest thing is when Panera is out of bread and you have to get chips or an apple #firstworldproblems,2
"@TrishKeays a candy apple, with caramel and white chocolate! Nom Nom",2
&amp; my mom's apple pie! ğŸ‘ŒğŸ˜‹,2
One bad apple ruins the bunch,2
"""@AZEALIABANKS: Just got to Miami now &amp; I'm sippin my favorite thot juice: henny and apple #thot #thottybanks"" I'm gonna try this, just cuz",2
I need a glass of apple juice to calm down my nerves.,2
"""@paJACKIEchan: Thought I didn't like apple pie at first I was like â˜ then I was like â›… now I'm like â˜€"" that's beautiful elena",2
sour apple bitter bitches im not fxcking wit' em,2
RT @leyumpayno: â€œ@CraicSunshine: Is it just me or anybody else that looks at Niall's Adam apple every time he laughsâ€ :)))),2
"a don't care how many people wanty nip me the Morra at the bells , am nipping my only love and that is my apple sourz and wine ğŸ˜",2
"These candies take me back to my childhood. Sour strawberry straws, apple sour belts, and peachâ€¦ http://t.co/fSHsOyrNZV",2
"RT @BethanyMota: Here it is! New Years Eve Makeup &amp; Outfit Ideas!!! ğŸ†ğŸ‰ğŸˆğŸ» (btw those are cups of apple cider hehehe)
https://t.co/9BbPr1kt2T",2
"@miaasmith_ yeah I'll most likely be sleeping but apple juice bottom self of fridge, jaffacakes the cuboerd by the oven and bring me a tea ğŸ˜˜",2
I just remembered I still have apple cider. I'm excited.,2
Local man been eating an apple a day but got hit by truck and doctor won't get anywhere near him. #NewsfromPrestonsburg,2
"RT @HibaSaadeh: "" Can't decide if you're hungry? Ask yourself if you want an apple. If you answer ""no"" then you're probably bored instead oâ€¦",2
Good morning (@ Villa Green Apple Garden w/ 13 others) http://t.co/u8fHnNdxJ0,2
Why is this guys Adam Apple so damn huge???,2
Over here cookin and eating my apple jacks,2
"RT @BadGirlsNoGood: These sour apple bitter bitches , I'm not fucking with em âœ‹ Seriously doe ğŸ˜",2
@chasestanleyy is there gonna be apple juice?,2
Hannah your apple juice tastes weird,2
RT  @LaQuintaMichele Ain't nothing like ice cold apple juice! &lt;&lt;&lt;&lt;&lt;&lt; Now You Being Led By The Hooooly Ghooooooooost.! *Quickens*,2
@Reno_2_Times that crown and apple juice ready too,2
My favorite food is apple. #hethinkshespeople #sugarglider http://t.co/oD0kM6DRTY,2
